{
    "mxx": -1515.7488446670077,
    "myx": -952.2465936774772,
    "mzx": 4.197038084832751,
    "mxy": 3672.7163203110913,
    "myy": -88.64059951640515,
    "mzy": -0.0925926703078726,
    "mxz": -580.4124764921811,
    "myz": -3815.786019049192,
    "mzz": 1.0972438944428293,
    "tx": -5996164.029609402,
    "ty": -1186350.586370385,
    "tz": 14181.807972249419
}