{
    "mxx": -502081.7503855451,
    "myx": -293390.920773079,
    "mzx": 620.1233591182818,
    "mxy": 364983.0858119394,
    "myy": -136024.14184938793,
    "mzy": 312.2849301061292,
    "mxz": 47463.67330037512,
    "myz": -513636.4165484798,
    "mzz": -114.16721431127534,
    "tx": -1139597969.1012082,
    "ty": -171696764.65918398,
    "tz": 3507849.5402805703
}