{
    "mxx": -262409.12692324567,
    "myx": -153338.48482415912,
    "mzx": 324.10264630849616,
    "mxy": 190755.56346551224,
    "myy": -71091.96578493282,
    "mzy": 163.21330775138694,
    "mxz": 24806.523829401114,
    "myz": -268448.07579276396,
    "mzz": -59.66861594003537,
    "tx": -595602021.8027563,
    "ty": -89735979.92449984,
    "tz": 1833350.318565127
}