{
    "mxx": -359831.99283060624,
    "myx": -210267.4297004363,
    "mzx": 444.43005466982777,
    "mxy": 261576.09295273072,
    "myy": -97485.80570707232,
    "mzy": 223.80843303787756,
    "mxz": 34016.27079584023,
    "myz": -368112.9885457282,
    "mzz": -81.82136996617697,
    "tx": -816727163.8938541,
    "ty": -123051647.76809156,
    "tz": 2514005.898490099
}