{
    "mxx": -695.305624564315,
    "myx": -383.859706808798,
    "mzx": 1.1023443500125913,
    "mxy": 803.8282452764671,
    "myy": -53.744988927853825,
    "mzy": 0.2652959891931531,
    "mxz": -83.83334244509624,
    "myz": -1042.492895541828,
    "mzz": 0.2780785845069009,
    "tx": -2203395.073905466,
    "ty": -841231.9240974053,
    "tz": 4948.273545195311
}