{
    "mxx": -826501.0632327686,
    "myx": -482964.99028480373,
    "mzx": 1020.8150570878604,
    "mxy": 600816.2831491316,
    "myy": -223915.9497040476,
    "mzy": 514.0674238812301,
    "mxz": 78132.2520535802,
    "myz": -845521.745874169,
    "mzz": -187.93617832198194,
    "tx": -1875947334.7503462,
    "ty": -282638340.3923053,
    "tz": 5774440.812858323
}