{
    "mxx": 170042.42183172153,
    "myx": 111836.88226922284,
    "mzx": -427.91687671366805,
    "mxy": -94148.89695443097,
    "myy": 42959.03370212565,
    "mzy": -148.775476721405,
    "mxz": -35088.95597427385,
    "myz": -295635.98209419637,
    "mzz": 71.69747477822027,
    "tx": -1524349854.1828084,
    "ty": -647073469.9042628,
    "tz": 4364983.544478
}