{
    "mxx": 2590931.033960948,
    "myx": 1704057.201285962,
    "mzx": -6520.159123161308,
    "mxy": -1434548.419695338,
    "myy": 654565.5619197427,
    "mzy": -2266.8842209491595,
    "mxz": -534650.5461973222,
    "myz": -4504605.825459234,
    "mzz": 1092.4539021939963,
    "tx": -23226493401.792015,
    "ty": -9859451000.91548,
    "tz": 66509204.82516447
}